"Medium",,,,,,,"Inhalt",,,,,,,,,
"Art","Bezeichnung","Untertitel","Nummer","Kennzeichen",,,"Art und Weise",,,,"Gegenstand",,"Verwendung",,,
,,,,"Name","Nummer ","Seitenzahl","Technik","Arbeitsweise","Methode","Designer","Objekt","Model","Zweck","Styl","Idee","Bearbeitungsstand"
"Buch","Harry Potter: Magisch Stricken",,"978-37724-4830-0","Illusionsschal „Dunkles Mal“",,145,"Stricken","Accesoire","Schattenstricken","Linsay Hendricks","Schal","Illusionsschal „Dunkles Mal“","Accesoires",," ","fertig"
"Buch","Harry Potter: Magisch Stricken",,"978-37724-4830-0","Quidditchsocken in Hausfarben",,95,"Stricken","Accesoire","Socken","Spillyjane","Socken","Quidditchsocken ","Accesoires","80er","schwarz weiß für Milo",
"Buch","omiyage",,,"omiyage",,,"Nähen","Handnähen","Handnähen","Kumiko Sudo","Accesoires","Geschenke","Dies und Das","Japan",,
"Buch","Jabanisch Quilten","39 Projekte in edlem Blau",,"Sitzkissen","C",67,"Nähen","Papier","Patchwork","Shizuko Kutohs","Deko","Sitzkissen ","Dies und Das","Japan",,
"Buch","Faszination Makramee",,,"Faszination Makramee",,,"Knüpfen","Makramee","Makramee",,"Deko",,"Dies und Das","Techniklehrbuch",,
"Buch","Geschenke für Mutti selbstgemacht",,,"Schreibrolle",2,,"Basteln","Upcycling","Mixtmedia",,"Haushalt","Schreibrolle","Dies und Das","o",,
"Buch","Geschenke für Mutti selbstgemacht",,,"Handschuhkasten",14,,"Basteln","Upcycling","Mixtmedia",,"Ordnungshelfer","Handschuhkasten","Dies und Das","o",,
"Buch","Geschenke für Mutti selbstgemacht",,,"Hutständer",15,,"Basteln","Upcycling","Mixtmedia",,"Ordnungshelfer","Hutständer","Dies und Das","o",,
"Buch","stricken à la carte",,,"Korsage",,14,"Stricken","Kleidung","rechts","Marianne Isager","Kleidung","Korsage","Kleidung","Steampunk",,
"Buch","stricken à la carte",,,"Zicktack-Top",,112,"Stricken","Kleidung","von oben","Marianne Isager","Kleidung","Topflappen","Kleidung",,,
"Buch","Burda Stricklehrbuch",,"K603","Gestrickte Kragen","603/64",119,"Stricken","Kleidung","Spitze",,"Kragen","Spitzenkragen","Kleidung","Steampunk",,
"Buch","L‘atelier du fil","couture, broderie, appliqué, tricot et perles",,"Trousse à bobienes",,96,"Nadelabeit","Sticken","Linienstich","Valérie Caterin","Nähausstattung","Garnrollentasche","Nähplatz","verspielt","Stoffwerkerin","UFO"
"Buch","Geschenke für Mutti selbstgemacht",,,"Handarbeitskörbchen",9,,"Nähen","Basteln","Basteln",,"Nähausstattung","Handarbeitskörbchen","Nähplatz","o",,
"Buch","Jabanisch Quilten","41 Projekte in edlem Blau",,"Etuit für Boutis-Nadeln",,77,"Nähen","Patchwork","Patchwork","Shizuko Kutohs","Nähausstattung","Nadeletui","Nähplatz","Japan",,
"Buch","Jabanisch Quilten","39 Projekte in edlem Blau",,"Nähetui","F",73,"Nähen","Patchwork","Patchwork","Shizuko Kutohs","Nähausstattung","Nadeletui","Nähplatz","Japan",,
"Buch","Kunte Nadelkissen","Einfach selbst genäht",,"Bezaubender Schuh",,9,"Nähen","Patchwork","Patchwork","Nadja Knab-leers","Nähausstattung","Nadelkissen","Nähplatz","Steampunk",,
"Buch","Kunte Nadelkissen","Einfach selbst genäht",,"Fingernadelkissen",,18,"Nähen","Patchwork","Patchwork","Nadja Knab-leers","Nähausstattung","Nadelkissen","Nähplatz","Steampunk",,
"Buch","Kunte Nadelkissen","Einfach selbst genäht",,"Charmantes Täschen",,20,"Nähen","Patchwork","Patchwork","Nadja Knab-leers","Nähausstattung","Nadelkissen","Nähplatz","Steampunk",,
"Buch","Kunte Nadelkissen","Einfach selbst genäht",,"Bunte Schneiderpuppe",,27,"Nähen","Patchwork","Patchwork","Nadja Knab-leers","Nähausstattung","Nadelkissen","Nähplatz","Steampunk",,
"Buch","Jabanisch Quilten","40 Projekte in edlem Blau",,"Tasche für Nähutensilien","H",77,"Nähen","Patchwork","Patchwork","Shizuko Kutohs","Nähausstattung","Nähutensilo","Nähplatz","Japan",,
"Buch","Jabanisch Quilten","39 Projekte in edlem Blau",,"Fenster zum Traum",23,37,"Nähen","Patchwork","Patchwork","Shizuko Kutohs","Quilt","Lockcabin","Quilts","Japan",,
"Buch","Jabanisch Quilten","40 Projekte in edlem Blau",,"Blätter im Wind",3,11,"Nähen","Patchwork","Patchwork","Shizuko Kutohs","Quilt","Quilt","Quilts","Japan","Kinder Kimono verarbeiten",
"flyer","Stoff & Stil",,,"Armband mit Glasperlen",,,"Nadelabeit","Perlen","Perlen",,"Accesoire","Armband","Accesoires",,,
"flyer","Stoff & Stil",,,"gehäkeltes Perlenarmband",,,"Nadelarbeit","Perlen","Häkeln",,"Accesoires","Armband","Dies und Das","o",,
"Flyer","idee","der creativmarkt",,"Geschenke Verpacken auf japanisch",,,"Nähen","Basteln","Falten",,"Taschen","Furoshiki","Dies und Das","Japan",,
"Flyer","Stoff & Stil",,,"Punch Needel",,,"Nadelabeit","Sticken","Punch Needle",,"Technik","Wandbehang","Dies und Das",,,
"Flyer","Stoff & Stil","Nähe Eigene Süschen","DIY8020","Rüschen",,,"Nähen","Kleidung","Verziereung",,"Kleidung","Rüschen","Putz","Steampunk",,
"Flyer","Nähtreff","Siggy nach D13 aus dem Buch Dear Jane",,"Siggy",,,"Nähen","Patchwork","Patchwork","Bea Galler","Quilt","Block","Quilts","Traditionel","Siggy Tausch Nähtreff",
"flyer","KreativZeit","Das Nähmagazin von Elna","Sommer 2020","Handytasche",,,"Nähen","Patchwork","Accesoire","elna","Taschen","Handytasche zum Umhängen",,,,
"Schnittmuster","Stoff & Stil",,90335,"Kragen",90335,,"Nähen","Kleidung","Accesoire",,"Kragen","Kragen","Accesoires","Steampunk",,
"Schnittmuster","Stoff & Stil",,"90234-00","Octopus","90234-00",,"Nähen","Puppen","Puppen",,"Spielzeug","Stofftier","Dies und Das","Steampunk",,
"Schnittmuster","Stoff & Stil",,"90290-00","Zierkragen und Haarband","90290-00",,"Nähen","Kleidung","Accesoire",,"Accesoire","Zierkragen und Haarband","Kleidung","Steampunk",,
"Schnittmuster","Burda",,2767,"Biedermeierkostüm",2767,,"Nähen","Kleidung","Vintage",,"Anzug","Herrenanzug","Kleidung","Steampunk","Ralf",
"Schnittmuster","Stoff & Stil",,"22075-44","Bluse nach eigenem Design","22075-44",,"Nähen","Kleidung","Bluse",,"Bluse","Bluse nach eigenem Design","Kleidung","Steampunk",,
"Schnittmuster","Tina",,"48/89","Bluse","48/89",,"Nähen","Kleidung","Kinderkram",,"Bluse","Kinderbluse","Kleidung","Steampunk",,
"Schnittmuster","Stoff & Stil",,"22032-46","Bauernhemd","22032-46",,"Nähen","Kleidung","Bauernhemd",,"Hemd","Bauernhemd","Kleidung","Rustikal","PJ",
"Schnittmuster","MiouMiou","Schnittmuster für Damen","V1035","Pauline","V1035",,"Nähen","Kleidung","Jersey",,"Hoodie","Hoddie","Kleidung",,,
"Schnittmuster","Burda",,7172,"Vintage Kapuzenshirt und Zigarettenhose",7172,,"Nähen","Kleidung","Jersey",,"Hoodie","Vintage Kapuzenshirt und Zigarettenhose","Kleidung",,"Freizeit",
"Schnittmuster","Burda style",,"1/2011","Hose",7400,,"Nähen","Kleidung","Jersey",,"Hose","Weite Hose","Kleidung","weit","Freizeit",
"Schnittmuster","Stoff & Stil",,"20051-44","Hose","20051-44",,"Nähen","Kleidung","Hose",,"Hose","Weite Hose und Shorts mit Taschen","Kleidung","Easy","PJ",
"Schnittmuster","Stoff & Stil",,"23168-44","Babydoll Kleid","23168-44",,"Nähen","Kleidung","Kleid",,"Kleid","Babydoll Kleid","Kleidung","Steampunk","Pairie Dress",
"Schnittmuster","Freding & Freding","Zuschneide und Nähschule","K871/1","Grundschnitt Kleid","K871/1",,"Nähen","Kleidung","Grundschnitt",,"Kleid","Gundschnitt","Kleidung","Grundschnitt",,"Gundkurs zur Schnitterstellung"
"Schnittmuster","Tina",,"37/81","Kleid","37/81",,"Nähen","Kleidung","Kleid",,"Kleid","Kleid mit Stuffen und Rüschen","Kleidung","Steampunk","Pairie Dress",
"Schnittmuster","Stoff & Stil",,"23075-44","Kleid","23075-44",,"Nähen","Kleidung","Kleid",,"Kleid","Kleid mit Teilungsnähten","Kleidung",,"Kittelschürze",
"Schnittmuster","Tina",,"50/82","Kleid","50/82",,"Nähen","Kleidung","Kleid",,"Kleid","Rüschenkleid","Kleidung","Steampunk","Pairie Dress",
"Schnittmuster","Stoff & Stil",,95255,"Bluse",95255,,"Stricken","Kleidung","Lace",,"Kleidung","Bluse","Kleidung",,,
"Schnittmuster","Burda",,8448,"Dirndl",8448,,"Nähen","Kleidung","Dirndl",,"Kleidung","Dirndl","Kleidung","Dirndl",,
"Schnittmuster","Burda",,7870,"Dirndl",7870,,"Nähen","Kleidung","Dirndl mehrteilig",,"Kleidung","Dirndl mehrteilig","Kleidung","Steampunk",,
"Schnittmuster","Laughing Moon Marcantile",,110,"Ladies‘ 1890‘s Sporting Costumes",110,,"Nähen","Kleidung","Gründerzeit Damen Fahradkleidung",,"Kleidung","Fahradkleidung","Kleidung","Steampunk",,
"Schnittmuster","Laughing Moon Marcantile",,119,"Men‘s Mid Victorian to Edwardian Period Trousers",119,,"Nähen","Kleidung","Gründerzeit Herrenhosen",,"Kleidung","Herrenhosen","Kleidung","Steampunk",,
"Schnittmuster","Neue Mode",,"M7397","Hose","M7397",,"Nähen","Kleidung","Hose",,"Kleidung","Hose","Kleidung","Bundfalten",,
"Schnittmuster","Stoff & Stil",,95235,"Poncho",95236,,"Stricken","Kleidung","easy",,"Kleidung","Poncho","Kleidung",,,
"Schnittmuster","Burda",,2992,"Kleid",2992,,"Nähen","Kleidung","Trachtenkleid",,"Kleidung","Trachtenkleid","Kleidung","Steampunk",,
"Schnittmuster","Burda",,7869,"Rock",7869,,"Nähen","Kleidung","Wickelrock",,"Kleidung","Wickelrock","Kleidung","80er",,
"Schnittmuster","Tina",,"21/88","Kostüm","21/88",,"Nähen","Kleidung","Kostüm",,"Kostüm","Bleistiftrock","Kleidung","80er",,
"Schnittmuster","Freding & Freding","Zuschneide und Nähschule","K871/2","Grundschnitt Rock","K871/2",,"Nähen","Kleidung","Grundschnitt",,"Rock","Grundschnitt","Kleidung","Grundschnitt",,"Gundkurs zur Schnitterstellung"
"Schnittmuster","Handmade Kultur",,"3/2014","Rock",,12,"Nähen","Kleidung","Rock",,"Rock","Maxi-Rock","Kleidung","Sommer",,
"Schnittmuster","Mumm‘s","Mumms-Welt",,"Mummy and me",,,"Nähen","Kleidung","Rock",,"Rock","Mutter und Tochtermodel","Kleidung",,,"Probleme mit dem Dehnbund"
"Schnittmuster","Stoff & Stil",,"21038-44","Rock in A-Linie","21038-44",,"Nähen","Kleidung","Rock",,"Rock","Rock in A-Linie","Kleidung",,,
"Schnittmuster","Stoff & Stil",,"21046-03","Stufenrock","21046-03",,"Nähen","Kleidung","Rock",,"Rock","Stufenrock","Kleidung","Steampunk","Unterrock",
"Schnittmuster","Stoff & Stil",,"21036-44","Rock mit Tüll","21036-44",,"Nähen","Kleidung","Rock",,"Rock","Tellerrock","Kleidung",,,
"Schnittmuster","Ottobre design","Creativw Workshop",303,"Die besten Damenstops",303,,"Nähen","Kleidung","Jersey",,"T-Shirt","9 Modelle","Kleidung",,,
"Schnittmuster","Nehelinia Patterns",,"NP 102","Gehäkeltes Leiblichen für Reformkleidung",,,"Häkeln","Kleidung","Vintage",,"Unterwäsche","Leibchen","Kleidung","Steampunk",,
"Schnittmuster","www.ByAnnie.com",,,"Catch All Caddy",,,"Nähen","Patchwork","Tasche","Annie Unrein","Taschen","Catch All Caddy","Nähplatz",,,
"Schnittmuster","Patron",,,"Wandbehang",,,"Nähen","Patchwork","Medalion",,"Wandbehang","Seide","Quilts","Orientalisch",,
"Website","youtube","https://www.youtube.com/@DIYeule",,"Stoffkoffer nähen für Kinder: Lama & Walross mit kostenlosem Schnittmuster","https://www.youtube.com/watch?v=nRgSxAjlLYI&list=PLApR3Z4KrJkIuS05rKoF1nHoiS0hXXTkE",,,,,"DIYEule",,,,,,
"Zeitschrift","Patchwork & Nähen","Taschen","5/2021","Mutter Tochter-Box",,30,"Nähen","Patchwork","Patchwork","Maria Thurow","Accesoire","Tasche","Dies und Das",,,
"Zeitschrift","Patchwork & Nähen","Die 100 besten Ideen","1/2020","Immer den Durchblick behlaten",,46,"Nähen","Patchwork","Patchwork",,"Accesoires","Brillenetuit","Dies und Das","o",,
"Zeitschrift","Lena‘s Patchwork",,"50/2015","Tierisch strke Geldtäschchen",,58,"Nähen","Patchwork","Patchwork",,"Accesoires","Geldtäschchen","Dies und Das","o",,
"Zeitschrift","Patchwork & Nähen","Die 100 besten Ideen","1/2020","Handtaschenanhänger",,33,"Nähen","Patchwork","Patchwork",,"Accesoires","Schlüsselanhänger","Dies und Das","o",,
"Zeitschrift","Patchwork Magazin",,"02/2019","Minibörse mit Schlüsselring",,8,"Nähen","Patchwork","Patchwork",,"Accesoires","Schlüsselanhänger","Dies und Das","o",,
"Zeitschrift","Lena‘s Patchwork","Taschen","03/2010","Groß-Zügig",,50,"Nähen","Patchwork","Patchwork",,"Accesoires","Schlüsselmäppchen","Dies und Das","o",,
"Zeitschrift","Nähstoff",,1,"Très Chic",,22,"Nähen","Patchwork","Patchwork",,"Accesoires","Stoffkette","Dies und Das",,,
"Zeitschrift","Sonderheft Patchwork Magazin","Taschen selber machen","25/2010","Technik trifft Tradition",,36,"Nähen","Patchwork","Patchwork",,"Accesoires","Tabletthülle","Dies und Das","o",,
"Zeitschrift","anna",,"4/2011","Magie der kleinen Dinge",,8,"Nadelarbeit","Sticken","Bundsticken",,"Deko","Bestickte Kästchen","Dies und Das",,,
"Zeitschrift","Anna",,"5/2020","Ranunkel",,10,"Häkeln","3-D","Blume",,"Deko","Blume","Dies und Das","o",,
"Zeitschrift","Anna",,"7/2020","Nelke",,14,"Häkeln","3-D","Blume",,"Deko","Blume des Monats","Dies und Das",,,
"Zeitschrift","meine Strick-Welt Sonderheft","Weihnachtliche Strick-Deko","MW 019","Wollige Schmuckestückchen","1-4",4,"Stricken","Struckturmuster","Körper",,"Deko","Christbaumschmuck","Dies und Das","Weihnachten",,
"Zeitschrift","meine Strick-Welt Sonderheft","Weihnachtliche Strick-Deko","MW 019","Bunte Pracht","6+7",8,"Stricken","Struckturmuster","Körper",,"Deko","Christbaumschmuck","Dies und Das","Weihnachten",,
"Zeitschrift","meine Strick-Welt Sonderheft","Weihnachtliche Strick-Deko","MW 019","Christbaumkugeln Scandie-Style","33-43",40,"Stricken","Farbe","Norweger Muster",,"Deko","Christbaumschmuck","Dies und Das","Weihnachten",,
"Zeitschrift","Sabrina Nähen Special",,"02/2019","Fensterhäuser",,4,"Nähen","Maschinensticken","Schattensticken",,"Deko","Fensterdeko","Dies und Das","o",,
"Zeitschrift","einfach hangemacht",,"3/2017","Ein Herz falten",,65,"Basteln","Papier","Origamie",,"Deko","Herz","Dies und Das",,,
"Zeitschrift","anna",,"04/2009","Von Herzen","25-29",20,"Nadelarbeit","Sticken","Ajourstickerei",,"Deko","Herzen","Dies und Das",,,
"Zeitschrift","einfach hangemacht",,"3/2017","Mit Zeitungspaier weben",,14,"Basteln","Upcycling","Papier",,"Deko","Körbchen","Dies und Das",,,
"Zeitschrift","Patchwork & Nähen Spezial","Ordnungshelden","5/2019","Kordelkörbchen",,28,"Nähen","Patchwork","Patchwork",,"Deko","Körbchen","Dies und Das","o",,
"Zeitschrift","Lena‘s Patchwork",,"50/2015","Kranz & Kugel im Karolook",,82,"Nähen","Patchwork","Patchwork",,"Deko","Kranz","Dies und Das","o",,
"Zeitschrift","Patchwork & Nähen","3-2-1 fertig","3/2020","Rosenlaterne",,23,"Nähen","Patchwork","Patchwork",,"Deko","Laterne","Dies und Das","o",,
"Zeitschrift","meine Strick-Welt Sonderheft","Weihnachtliche Strick-Deko","MW 019","Neidlicher Gast",44,44,"Stricken","Amigomigo","Körper",,"Deko","Maus","Dies und Das","Weihnachten",,
"Zeitschrift","Patchwork Gilde",,142,"Japanisched Patchwork Sashiko",,,"Nähen","Patchwork","Sashiko",,"Deko","Sashiko","Dies und Das","Japan",,
"Zeitschrift","meine Strick-Welt Sonderheft","Weihnachtliche Strick-Deko","MW 019","Stimmungsvoller Empfang",14,18,"Stricken","Struckturmuster","Körper",,"Deko","Türkranz","Dies und Das","Weihnachten",,
"Zeitschrift","Patchwork & Nähen Spezial","Spaß mit Patchwork","3/2018","Blütenpracht",,26,"Nähen","Patchwork","Patchwork",,"Deko","Untersetzer","Dies und Das","o",,
"Zeitschrift","meine Strick-Welt Sonderheft","Weihnachtliche Strick-Deko","MW 019","Weihnachts-Wichtelchen",47,20,"Stricken","filzen","Körper",,"Deko","Wichtel","Dies und Das","Weihnachten",,
"Zeitschrift","Meine Nähwelt",,"19/02","Quick & easy",18,46,"Nähen","Patchwork","Patchwork",,"Haushalt","Pads","Dies und Das","o",,
"Zeitschrift","Anna",,"8/2020","Lavendelduft liegt in der Luft",,16,"Häkeln","3-D","Einfach",,"Haushalt","Scrubbies","Dies und Das",,,
"Zeitschrift","Anna",,"8/2020","Seviettentaschen",,52,"Nadelabeit","Sticken","Richeliuer",,"Haushalt","Servietentaschen","Dies und Das",,,
"Zeitschrift","Lena ",,"10/05","Ahornblatt-Set",,14,"Häkeln","Formen","Irisch",,"Haushalt","Topflappen","Dies und Das",,,
"Zeitschrift","Patchwork & Nähen","3-2-1 fertig","3/2020","Teezeit",,51,"Nähen","Patchwork","Sashiko",,"Haushalt","Untersetzer","Dies und Das","o",,
"Zeitschrift","Anna",,"5/2020","Hübsche Helfer",,60,"Stricken","Struckturmuster","Krausrechts",,"Haushalt","Waschlappen","Dies und Das","o",,
"Zeitschrift","Sabrina Nähen Special","Ideen fürs neue Jahr","SN 059","Japanishce Stick-Kunst",12,34,"Nähen","Patchwork","Sashiko",,"Kleidung","Flicken","Dies und Das","o",,
"Zeitschrift","Andrea Kreativ","Puppenmode","0554","Ein Sommertag mit der Familie",,16,"Nähen","Puppen","Puppen",,"Kleidung","Grundgadrobe","Dies und Das","Steampunk",,
"Zeitschrift","Andrea Kreativ","Puppenmode spezial","0552","Bikini",,17,"Nähen","Puppen","Puppen",,"Kleidung","Grundschnitt","Dies und Das","o",,
"Zeitschrift","Andrea Kreativ","Puppenmode spezial","0552","Hose",,16,"Nähen","Puppen","Puppen",,"Kleidung","Grundschnitt","Dies und Das","o",,
"Zeitschrift","Andrea Kreativ","Puppenmode spezial","0552","Mäggie",,22,"Häkeln","Puppen","Puppen",,"Kleidung","Häkelkleid","Dies und Das","o",,
"Zeitschrift","Patchwork Magazin","Sonderteil Geschenkideen","06/2021","Lauter bunte Streifen",,13,"Nähen","Patchwork","Patchwork","Ute Hintz, Astrid Selig","Korbutensielos","Bunte Korbutensilos","Dies und Das",,"Resteverwertung",
"Zeitschrift","Nähstoff",,1,"Hocker-Husse",,10,"Nähen","Patchwork","Patchwork",,"Möbel","Husse","Dies und Das",,,
"Zeitschrift","Nähstoff",,1,"Paravent",,12,"Basteln","Papier","Mixtmedia",,"Möbel","Paravent","Dies und Das",,,
"Zeitschrift","Lena‘s Patchwork",,"50/2015","Handy-Aufladestation",,31,"Nähen","Patchwork","Patchwork",,"Ordnungshelfer","Handy-Aufladestation","Dies und Das","o",,
"Zeitschrift","Nähstoff",,1,"Utensilo",,18,"Nähen","Patchwork","Patchwork",,"Ordnungshelfer","Utensilo","Dies und Das",,,
"Zeitschrift","Patchwork Gilde",,142,"Mystery Sommerwind",,86,"Nähen","Patchwork","Mystery",,"Quilt","Mystery","Dies und Das",,,
"Zeitschrift","Sabrina Nähen Special","Ideen fürs neue Jahr","SN 059","Entlich entspannt im Büro",7,20,"Nähen","Patchwork","Patchwork",,"Schreibkram","Handgelenkauflage für Maus","Dies und Das","o",,
"Zeitschrift","Sabrina Nähen Special","Ideen fürs neue Jahr","SN 059","Entlich entspannt im Büro",6,20,"Nähen","Patchwork","Patchwork",,"Schreibkram","Handgelenkauflage für Tasatur","Dies und Das","o",,
"Zeitschrift","Sabrina Nähen Special","Ideen fürs neue Jahr","SN 059","Chaos ade",14,40,"Nähen","Patchwork","Patchwork",,"Schreibkram","Kabeltasche","Dies und Das","o",,
"Zeitschrift","Patchwork & Nähen Spezial","Alles uni","3/2019","Leseecke mit Blattwerk",,20,"Nähen","Patchwork","Patchwork",,"Schreibkram","Leseecke","Dies und Das","o",,
"Zeitschrift","anna",,"04/2009","Anknüpfen","15-22",16,"Nadelarbeit","Knüpfen","Makramee",,"Schreibkram","Makramee","Dies und Das",,,
"Zeitschrift","anna",,"4/2011","Schachteln im Frühlingskleid",,28,"Basteln","Basteln","Mixtmedia",,"Schreibkram","Schachteln","Dies und Das",,,
"Zeitschrift","anna",,"10/2007","Spielzeug nähen",,32,"Basteln","Puppen","Puppen",,"Spielzeug","Playmobil","Dies und Das",,,
"Zeitschrift","anna",,"11/2007","Nähen für Weihnachten",,38,"Basteln","Puppen","Puppen",,"Spielzeug","Playmobil","Dies und Das","o",,
"Zeitschrift","anna",,"12/2007","Picknick im Winter",,38,"Basteln","Puppen","Puppen",,"Spielzeug","Playmobil","Dies und Das",,,
"Zeitschrift","anna",,"03/2010","Tieriche Freunde",31,30,"Nähen","Papier","Puppen",,"Spielzeug","Stofftier","Dies und Das",,,
"Zeitschrift","Nähstoff",,1,"Sonnengruß",,26,"Nähen","Patchwork","Patchwork",,"Sport","Yogamattenbezug","Dies und Das",,,
"Zeitschrift","Nähstoff",,1,"Sonnengruß",,26,"Nähen","Patchwork","Patchwork",,"Sport","Yogekissen","Dies und Das",,,
"Zeitschrift","Patchwork & Nähen","Taschen","5/2021","Mal mir was!",,27,"Nähen","Patchwork","Patchwork","Nina Baesch","Taschen","Schreibkram","Dies und Das",,,
"Zeitschrift","Patchwork & Nähen","Die 100 besten Ideen","1/2020","Für Schnick & Schnack",,16,"Nähen","Upcycling","Mixtmedia",,"Upcycling","Dosen","Dies und Das","o",,
"Zeitschrift","Anna",,"1/2012","Maschen mit Charakter",,47,"Stricken","Strukturmuster","Strukturmuster",,"Accesoire","Füßlinge","Kleidung","Rustikal & attraktiv",,
"Zeitschrift","Burda","accessoires","5/2018","Cozy Home",11,34,"Nähen","Kleidung","Patchwork",,"Accesoire","Puschen","Kleidung","o",,
"Zeitschrift","Anna",,"4/2019","Armstulpen Grazia",,60,"Stricken","Strukturmuster","Verschränkt",,"Accesoire","Stulpen","Kleidung","o",,
"Zeitschrift","The Knitter",,"48/2020","Bomberjacke Pinky",,41,"Stricken","Kleidung","Zopf",,"Jacke","Bomberjacke","Kleidung","80er",,
"Zeitschrift","The Knitter",,"54/2021","Jacke Diamond Squares",,39,"Stricken","Kleidung","Schulz","Noro Design Team","Jacke","Diamond Squares","Kleidung",,,
"Zeitschrift","Patchwork Gilde",,142,"Shiki-Shiku Jacken",,,"Nähen","Patchwork","Shiku-Shiku",,"Jacke","Shiku-Shiku","Kleidung","Japan",,
"Zeitschrift","Ottobre design",,"3/2007","Kleid",32,,"Nähen","Kleidung","Kinderkram",,"Kleid","Kinderkleid","Kleidung","Steampunk","Kinderkleid",
"Zeitschrift","Burda style",,"10/2020","Kleid",120,15,"Nähen","Kleidung","Kleid",,"Kleid","Kleid mit Schluppe und Tailiengürtel","Kleidung","50er",,
"Zeitschrift","Designer Knitting",,"02/2019","Stricken sie ihr eigenes Zandra Rhodes Design",20,29,"Stricken","Farbe","Streifen","Zandra Rhodes","Kleidung","Cardegans","Kleidung","Streifen",,
"Zeitschrift","Designer Knitting",,"02/2020","Topariy",19,57,"Stricken","Strukturmuster","Zopf- und Lace",,"Kleidung","Cardegans","Kleidung","o",,
"Zeitschrift","Burda","easy","2/2019",,,,"Nähen","Kleidung","Kleidung",,"Kleidung","Grundgadrobe","Kleidung","Sommer",,
"Zeitschrift","Anna",,"12/2010","Wende-Mantel",50,54,"Stricken","Formgebung","Verkürzte Reihe",,"Kleidung","Kurzmantel","Kleidung",,,
"Zeitschrift","Anna",,"04/2011","Gesmoktes Shirt",49,54,"Stricken","Strukturmuster","Strukturmuster",,"Kleidung","Pullover","Kleidung",,,
"Zeitschrift","Designer Knitting",,"02/2019","Techtelmechtel mit den Highlends",,42,"Stricken","Farbe","Intarsien",,"Kleidung","Pullunder","Kleidung","Argyle",,
"Zeitschrift","Handmade Kultur",,"2/2017","Flying Yoga",,90,"Nähen","Kleidung","Kleidung",,"Kleidung","Sport","Kleidung","o",,
"Zeitschrift","Burda style",,"10/2020","Mantel",114,32,"Nähen","Kleidung","Mantel",,"Mantel","Reningote mit Kaputze","Kleidung","50er",,
"Zeitschrift","Ottobre design",,"6/2008","Mütze",15,,"Nähen","Kleidung","Kinderkram",,"Mütze","Bommelmütze","Kleidung","Steampunk","Kindermütze",
"Zeitschrift","The Knitter",,"54/2021","Raglanpullover",,51,"Stricken","Kleidung","von oben","Nicola Susen","Pullover","Raglanpillover von oben","Kleidung","Technikworkshop",,
"Zeitschrift","The Knitter",,"54/2021","Pullunder Pia",,33,"Stricken","Kleidung","Halbpatent","Sandnes Garn","Pullunder","Pia","Kleidung",,,
"Zeitschrift","Burda style",,"10/2020","Latzrock",118,36,"Nähen","Kleidung","Rock",,"Rock","Latzrock","Kleidung","50er","Arbeitskleid",
"Zeitschrift","Nähstoff",,1,"Fadenkörbchen & Nadelkissen",,62,"Nähen","Patchwork","Patchwork",,"Nähausstattung","Fadensammlen","Nähplatz",,,
"Zeitschrift","Patchwork & Nähen Spezial","Ordnungshelden","5/2019","Stitch in Time",,14,"Nähen","Patchwork","Patchwork",,"Nähausstattung","Garnrollentasche","Nähplatz","o",,
"Zeitschrift","Patchwork Magazin",,"02/2019","Hexagon, Raute & Co",,2,"Nähen","Patchwork","EPP",,"Nähausstattung","Körbchen","Nähplatz","o",,
"Zeitschrift","Patchwork & Nähen","Ordnungshelden","4/2020","Nadelhexe",,22,"Nähen","Patchwork","Sticken","Ursuls Schertz","Nähausstattung","Nadeletui","Nähplatz","verspielt","Stoffwerkerin",
"Zeitschrift","anna",,"04/2011","Biscoru",21,25,"Nadelabeit","Sticken","Bundstickerei",,"Nähausstattung","Nadelkissen","Nähplatz",,,
"Zeitschrift","Patchwork & Nähen","Die 100 besten Ideen","1/2020","Für mein Nähzimmer",,28,"Nähen","Basteln","Basteln",,"Nähausstattung","Nadelkissen","Nähplatz","o",,
"Zeitschrift","Patchwork & Nähen","Die 100 besten Ideen","1/2020","Für mein Nähzimmer",,28,"Nähen","Patchwork","Patchwork",,"Nähausstattung","Nadelkissen","Nähplatz","o",,
"Zeitschrift","Patchwork & Nähen","Die 100 besten Ideen","1/2020","Stern",,34,"Nähen","Patchwork","Patchwork",,"Nähausstattung","Nadelkissen","Nähplatz","o",,
"Zeitschrift","Patchwork & Nähen Spezial","Spaß mit Patchwork","3/2018","Tea-rific",,40,"Nähen","Patchwork","EPP",,"Nähausstattung","Nadelkissen","Nähplatz","o",,
"Zeitschrift","Patchwork & Nähen Spezial","Ordnungshelden","5/2019","Mein kleines Nähzimmer",,20,"Nähen","Patchwork","Patchwork",,"Nähausstattung","Nadelkissen","Nähplatz","o",,
"Zeitschrift","Patchwork Magazin",,"02/2019","Hexagon, Raute & Co",,,"Nähen","Patchwork","EPP",,"Nähausstattung","Nadelkissen","Nähplatz","o",,
"Zeitschrift","Patchwork & Nähen","Die 100 besten Ideen","1/2020","Für mein Nähzimmer",,29,"Nähen","Patchwork","Patchwork",,"Nähausstattung","Nadelmäppchen","Nähplatz","o",,
"Zeitschrift","Patchwork & Nähen Spezial","Ordnungshelden","5/2019","Stitch in Time",,14,"Nähen","Patchwork","Patchwork",,"Nähausstattung","Nähbeutel","Nähplatz","o",,
"Zeitschrift","Burda Patchwork","Best of","Herbst/2018","Nähetui",,17,"Nähen","Patchwork","Patchwork",,"Nähausstattung","Nähetui","Nähplatz","o",,
"Zeitschrift","Patchwork Spezial","Spielereien","01/2012","My Sewing Box",,18,"Nähen","Basteln","Basteln",,"Nähausstattung","Nähkästchen","Nähplatz","o",,
"Zeitschrift","Patchwork & Nähen Spezial","Ordnungshelden","5/2019","Mein kleines Nähzimmer",,20,"Nähen","Patchwork","Patchwork",,"Nähausstattung","Nähmaschienenhaube","Nähplatz","o",,
"Zeitschrift","Patchwork Spezial","Taschen","04/2011","Unter der Haube…",,48,"Nähen","Patchwork","Patchwork",,"Nähausstattung","Nähmaschienenhaube","Nähplatz","o",,
"Zeitschrift","Patchwork & Nähen Spezial","Ordnungshelden","5/2019","Mein kleines Nähzimmer",,20,"Nähen","Patchwork","Patchwork",,"Nähausstattung","Nähmschienenunterlage","Nähplatz","o",,
"Zeitschrift","Lena‘s Patchwork","Taschen","03/2010","Alles in Ordnung?",,30,"Nähen","Patchwork","Patchwork",,"Nähausstattung","Nähutensilo","Nähplatz","o",,
"Zeitschrift","Lena‘s Patchwork","Trendige Taschen","43/2015","Dekorativer Stauraum",9,26,"Nähen","Patchwork","Patchwork",,"Nähausstattung","Nähzeugtasche","Nähplatz","o",,
"Zeitschrift","Patchwork & Nähen Spezial","Spaß mit Patchwork","3/2019","Nählady",,52,"Nähen","Patchwork","Patchwork",,"Nähausstattung","Nähzeugtasche","Nähplatz","o",,
"Zeitschrift","Patchwork Spezial","Taschen","04/2012","Unter der Haube…",,49,"Nähen","Patchwork","Patchwork",,"Nähausstattung","Nähzeugtasche","Nähplatz","o",,
"Zeitschrift","Patchwork & Nähen Spezial","Ordnungshelden","5/2019","Mein kleines Nähzimmer",,20,"Nähen","Patchwork","Patchwork",,"Nähausstattung","Organizer","Nähplatz","o",,
"Zeitschrift","Patchwork & Nähen Spezial","Ordnungshelden","5/2019","Schöne Aussichten",,38,"Nähen","Patchwork","Patchwork",,"Nähausstattung","Projektmappe","Nähplatz","o",,
"Zeitschrift","Patchwork & Nähen Spezial","Ordnungshelden","5/2020","Ordnung muss sein",,49,"Nähen","Patchwork","Patchwork",,"Nähausstattung","Projektmappe","Nähplatz","o",,
"Zeitschrift","Patchwork Gilde",,142,"Scherenhose",,82,"Nähen","Patchwork","EPP",,"Nähausstattung","Scherentasche","Nähplatz",,,
"Zeitschrift","Patchwork & Nähen Spezial","Ordnungshelden","5/2029","Stitch in Time",,16,"Nähen","Patchwork","Patchwork",,"Nähausstattung","Stifttasche","Nähplatz","o",,
"Zeitschrift","Sabrina Nähen Special","Ideen fürs neue Jahr","SN 059","Zum Nähen schön",22,56,"Nähen","Patchwork","Patchwork",,"Nähausstattung","Stoffgewichte","Nähplatz","o",,
"Zeitschrift","Patchwork Magazin",,"02/2020","Utensilo „To Go“",,11,"Nähen","Patchwork","Patchwork",,"Nähausstattung","Utrnsilo","Nähplatz",,,
"Zeitschrift","Patchwork & Nähen Spezial","Ordnungshelden","5/2019","Ordentlich kreativ",,12,"Nähen","Patchwork","Patchwork",,"Ordnungshelfer","Projektmappe","Nähplatz","o",,
"Zeitschrift","Patchwork Spezial","Spielereien","01/2012","Ordnungshelfer",,23,"Nähen","Basteln","Laupsägen",,"Ordnungshelfer","Spule","Nähplatz","o",,
"Zeitschrift","Nähstoff",,1,"Projekttasche & Nadelrolle",,64,"Nähen","Patchwork","Patchwork",,"Strickausstattung","Nadelrolle","Nähplatz",,,
"Zeitschrift","Nähstoff",,1,"Projekttasche & Nadelrolle",,64,"Nähen","Patchwork","Patchwork",,"Strickausstattung","Projekttasche","Nähplatz",,,
"Zeitschrift","Patchwork & Nähen Spezial","Ordnungshelden","5/2019","Ordentlich kreativ",,12,"Nähen","Patchwork","Patchwork",,"Strickausstattung","Strickkörbchen","Nähplatz","o",,
"Zeitschrift","Patchwork Magazin","Taschen","02/2019","Stricknadelordnung",,95,"Nähen","Patchwork","Patchwork",,"Strickausstattung","Stricknadelroll","Nähplatz","o",,
"Zeitschrift","Patchwork & Nähen Spezial","Ordnungshelden","5/2019","2 in 1- Alles dabei",,46,"Nähen","Patchwork","Patchwork",,"Strickausstattung","Strickutensilo","Nähplatz","o",,
"Zeitschrift","Patchwork Spezial","Taschen","03/2009","Quilter‘s Hip-Bag",,14,"Nähen","Patchwork","Patchwork",,"Taschen","Hip-Bag","Nähplatz","o",,
"Zeitschrift","Patchwork & Nähen","Taschen","5/2021","Strickkoffer",,60,"Nähen","Patchwork","Patchwork","Else Trier","Taschen","Koffer für Stricksachen","Nähplatz",,,
"Zeitschrift","Patchwork Magazin",,"06/2021","Nähtasche to go",,16,"Nähen","Patchwork","Patchwork","Christina Dabrowski","Taschen","Nähtasche to go","Nähplatz",,,
"Zeitschrift","Patchwork & Nähen","Taschen","5/2021","Kleines Platzwunder",,44,"Nähen","Patchwork","Patchwork","Pammi Pamesar","Taschen","Nähzubehörtasche","Nähplatz",,,
"Zeitschrift","Sonderheft Patchwork Magazin","Taschen","25/2009","Die kleine Reiseapotheke",,52,"Nähen","Patchwork","Patchwork",,"Taschen","Ordnungsmappe","Nähplatz","o","Rundstricknadelmappe",
"Zeitschrift","Patchwork & Nähen","Ordnungshelden","4/2020","Stricktasche und Co.",,43,"Nähen","Patchwork","Patchwork","Sigrid Gschwindt","Taschen","Scherentasche","Nähplatz",,,
"Zeitschrift","Patchwork & Nähen","Ordnungshelden","4/2020","Stricktasche und Co.",,43,"Nähen","Patchwork","Patchwork","Sigrid Gschwindt","Taschen","Strickkörbchen","Nähplatz",,,
"Zeitschrift","Patchwork & Nähen","Ordnungshelden","4/2020","Stricktasche und Co.",,43,"Nähen","Patchwork","Patchwork","Sigrid Gschwindt","Taschen","Stricktnadeltasche","Nähplatz",,,
"Zeitschrift","Patchwork Spezial","Taschen","03/2008","Gut erpackt",,55,"Nähen","Patchwork","Patchwork",,"Utensilo","Fadensammlen","Nähplatz","o",,
"Zeitschrift","Patchwork Magazin",,"02/2020","Dalientraum",,62,"Nähen","Patchwork","Patchwork",,"Quilt","Decke","Quilts","Medalion","Mein Bett",
"Zeitschrift","Patchwork Professional",,"01/2017","Der Lebensbaum",4,12,"Nähen","Patchwork","Freies Schneiden","Pia Welsch","Quilt","Mystery","Quilts","o",,"UFO"
"Zeitschrift","Patchwork Professional",,"02/2016","Der Lebensbaum",1,12,"Nähen","Patchwork","Freies Schneiden","Pia Welsch","Quilt","Mystery","Quilts","o",,"UFO"
"Zeitschrift","Patchwork Professional",,"03/2016","Der Lebensbaum",2,12,"Nähen","Patchwork","Freies Schneiden","Pia Welsch","Quilt","Mystery","Quilts","o",,"UFO"
"Zeitschrift","Patchwork Professional",,"04/2016","Der Lebensbaum",3,14,"Nähen","Patchwork","Freies Schneiden","Pia Welsch","Quilt","Mystery","Quilts","o",,"UFO"
"Zeitschrift","Patchwork & Nähen Spezial","Alles uni","3/2019","Dance Floor",,38,"Nähen","Patchwork","Patchwork",,"Quilt","Tischläufer","Quilts","o",,
"Zeitschrift","Patchwork & Nähen Spezial","Alles uni","3/2019","Fire Dance",,10,"Nähen","Patchwork","Patchwork",,"Quilt","Tischläufer","Quilts","o",,
"Zeitschrift","Burda Patchwork","Best of","Herbst/2018","Die Lichtung",,6,"Nähen","Patchwork","EPP",,"Quilt","Wandbehang","Quilts","o","Ergänzung zum Pai Welsch Mystery",
"Zeitschrift","Patchwork & Nähen","Die 100 besten Ideen","1/2020","Gefüllte Würfel",,8,"Nähen","Patchwork","Patchwork",,"Quilt","Wandbehang","Quilts","o",,
"Zeitschrift","Patchwork & Nähen","Taschen","5/2021","Bargello-Tasche",,6,"Nähen","Patchwork","Weben","Gertraude Temme","Accesoire","Tasche","Taschen",,,
"Zeitschrift","Patchwork & Nähen","Die 100 besten Ideen","1/2020","Immer den Durchblick behalten",,46,"Nähen","Patchwork","Patchwork",,"Accesoires","Brillenetuis","Taschen","o",,
"Zeitschrift","Lena‘s Patchwork","Trendige Taschen","43/2015","Für alle Fälle",5,12,"Nähen","Patchwork","Patchwork",,"Accesoires","TaTüTa","Taschen","o",,
"Zeitschrift","Lena‘s Patchwork","Trendige Taschen","43/2015","Freie Fahrt",13,40,"Nähen","Patchwork","Patchwork",,"Taschen","Fahradtaschen","Taschen","o",,
"Zeitschrift","Lena‘s Patchwork","Trendige Taschen","43/2015","Viel-Falt",15,48,"Nähen","Patchwork","Patchwork",,"Taschen","Furoshiki","Taschen","o",,
"Zeitschrift","Patchwork Spezial","Taschen","03/2008","Kimikos Tasche",,20,"Nähen","Patchwork","Patchwork",,"Taschen","Handtasche","Taschen","o",,
"Zeitschrift","Patchwork Spezial","Taschen","03/2009","Flechttasche",,48,"Nähen","Patchwork","Patchwork",,"Taschen","Handtasche","Taschen","o",,
"Zeitschrift","Patchwork Spezial","Taschen","03/2010","Ein Ball für den Ball",,54,"Nähen","Patchwork","EPP",,"Taschen","Handtasche","Taschen","o",,
"Zeitschrift","Anna",,"8/2020","Flaschenbeutel to go",,10,"Stricken","Farbe","Intarsien","Veronika Hug","Taschen","Lunch-Bag","Taschen",,,
"Zeitschrift","Lena‘s Patchwork","Trendige Taschen","43/2015","Endlich Pausen-Zeit",4,10,"Nähen","Patchwork","Patchwork",,"Taschen","Lunch-Bag","Taschen","o",,
"Zeitschrift","Patchwork & Nähen","Ordnungshelden","4/2020","Brotzeitbeutel",,16,"Nähen","Upcycling","Wachstuch",,"Taschen","Lunch-Bag","Taschen",,,
"Zeitschrift","Patchwork & Nähen Spezial","Ordnungshelden","5/2019","Brotzeitköfferchen",,60,"Nähen","Patchwork","Patchwork",,"Taschen","Lunch-Bag","Taschen","o",,
"Zeitschrift","Sonderheft Patchwork Magazin","Taschen selber machen","25/2009","Lunch-Bag",,6,"Nähen","Patchwork","Patchwork",,"Taschen","Lunch-Bag","Taschen","o",,
"Zeitschrift","Patchwork & Nähen","Taschen","5/2021","Schnelle Markttsche",,53,"Nähen","Patchwork","Patchwork","Anke Wechsung","Taschen","Markttasche","Taschen",,,
"Zeitschrift","Patchwork Spezial","Taschen","04/2011","Monstertasche",,16,"Nähen","Patchwork","Patchwork",,"Taschen","Messenger Bag","Taschen","o",,
"Zeitschrift","Patchwork & Nähen","Die 100 besten Ideen","1/2020","Little Noah",,42,"Nähen","Patchwork","Patchwork",,"Taschen","Origamitasche","Taschen","o",,
"Zeitschrift","Lena‘s Patchwork","Taschen","03/2010","Traveller‘s Friend",,26,"Nähen","Patchwork","Patchwork",,"Taschen","Reisetasche","Taschen","o",,
"Zeitschrift","Patchwork & Nähen","Die 100 besten Ideen","1/2020","Little Noah",,42,"Nähen","Patchwork","Patchwork",,"Taschen","Stiftetasche","Taschen","o",,
"Zeitschrift","Lena‘s Patchwork","Taschen","43/2013","Für Dich",19,60,"Nähen","Patchwork","Patchwork",,"Taschen","Windeltasche","Taschen","o",,
"Zeitschrift","Designer Knitting",,"02/2020","Tendril",11,51,"Stricken","Strukturmuster","Zopf",,"Accesoire","Cape","Tücher und Schals","Steampunk",,
"Zeitschrift","Designer Knitting",,"03/2020","Lady Susan",15,54,"Stricken","Strukturmuster","Zopf- und Lace",,"Accessoires","Kragen","Tücher und Schals","Steampunk",,
"Zeitschrift","Anna",,"04/2011","Anemone",22,26,"Stricken","Modular","Schulz",,"Accessoires","Schalkragen","Tücher und Schals","Patchwork",,
"Zeitschrift","Anna",,"8/2020","grüner Schal",,44,"Stricken","Struckturmuster","Lochmuster",,"Schal","Schal","Tücher und Schals",,,
"Zeitschrift","Designer Knitting",,"01/2020","Tetragonal",7,45,"Stricken","Farbe","Intarsien",,"Schal","Schal","Tücher und Schals","Argyle",,
"Zeitschrift","Accessoires",,2019,"von Himmelblau bis Nebelgrau",48,26,"Stricken","Strukturmuster","Krausrechts",,"Tücher","Drachenschwanz","Tücher und Schals","Bobble",,
"Zeitschrift","Anna",,"5/2020","Lieblingsteil für jeden Anlass",,64,"Stricken","Strukturmuster","Muster",,"Tücher","Drachenschwanz","Tücher und Schals","Bobble",,
"Zeitschrift","Accessoires",,2019,"Ajourstola in Hellblau",51,47,"Stricken","Durchbruch","Ajour",,"Tücher","Dreieckstuch","Tücher und Schals","o",,
"Zeitschrift","Anna",,"9/2007","Dreieckstuch mit Flechtfransen","0907/64",61,"Stricken","Durchbruch","Duchbruch",,"Tücher","Dreieckstuch","Tücher und Schals",,,
"Zeitschrift","Designer Knitting",,"02/2019","XXL-Tuch",15,53,"Stricken","Farbe","Streifen","Jacob Seifert","Tücher","Dreieckstuch","Tücher und Schals","Übergroß",,
"Zeitschrift","Handmade Kultur",,"2/2017","Dreickstuch für Sie",,72,"Stricken","Durchbruch","Lace",,"Tücher","Dreieckstuch","Tücher und Schals","o",,
"Zeitschrift","Designer Knitting",,"03/2020","Wentworth",16,55,"Stricken","Strukturmuster","Zopf",,"Tücher","Halbkreistuch","Tücher und Schals","Steampunk",,
"Zeitschrift","The Knitter",,"44/2020","Maelona",,48,"Stricken","Durchbruch","Lace",,"Tücher","Halbmond","Tücher und Schals","o",,
"Zeitschrift","Designer Knitting",,"03/2020","Überlappende Patches",1,36,"Stricken","Farbe","Intarsien","Kaffe Fassett","Tücher","Stola","Tücher und Schals","Patchwork",,
"Zeitschrift","Designer Knitting",,"02/2019","Hexagon-Tuch",8,44,"Stricken","Modular","Von Außen nach Innen",,"Tücher","Tuch","Tücher und Schals","Rauten",,
